{
  "execution_time": "2026-01-06T17:25:31.844803",
  "total_processing_time": 0.005627870559692383,
  "basic_design": {
    "status": "completed",
    "accuracy": 0.8888888888888888,
    "precision": 0.8,
    "recall": 1.0,
    "f1_score": 0.888888888888889
  },
  "test_plan": {
    "status": "completed",
    "accuracy": 1.0,
    "precision": 1.0,
    "recall": 1.0,
    "f1_score": 1.0
  },
  "total": {
    "accuracy": 0.9090909090909091,
    "precision": 0.8333333333333334,
    "recall": 1.0,
    "f1_score": 0.9090909090909091
  }
}